state,poll_grade,sample_size,voter_type,poll_weight,dem_cand,rep_cand,poll_duration,poll_methodology,days_before_election
U.S.,B,24316.0,lv,7.5913509999999995,0.4263093,0.4084442,6.0,Online,8.0
U.S.,A+,1128.0,lv,5.229676,0.43157990000000007,0.448354,3.0,Phone,9.0
U.S.,A-,1018.0,lv,4.08061,0.4625638,0.43646440000000003,5.0,Phone,8.0
U.S.,B+,2120.0,rv,4.041479,0.45225790000000005,0.4237133,5.0,Phone,14.0
U.S.,A,1221.0,lv,4.014528,0.44555079999999997,0.42451079999999997,3.0,Phone,14.0
U.S.,A-,1158.0,lv,3.801393,0.4112077,0.3745545,4.0,Online,12.0
U.S.,B+,1212.0,lv,3.2077869999999997,0.495508,0.39778979999999997,4.0,Online,15.0
U.S.,C+,1500.0,lv,3.0845290000000003,0.44565269999999996,0.440927,4.0,Phone,8.0
U.S.,B-,1824.0,rv,3.020342,0.457356,0.4516847,1.0,Phone,13.0
U.S.,C-,40816.0,lv,3.0028669999999997,0.4550983,0.4068513,6.0,Online,9.0
U.S.,B,1209.0,lv,2.981157,0.45397930000000003,0.4172408,4.0,Online,13.0
U.S.,C+,1299.0,lv,2.8664709999999998,0.46342469999999997,0.44114329999999996,6.0,Online,9.0
U.S.,A+,1000.0,lv,2.8662919999999996,0.46776379999999995,0.4016689,3.0,Phone,22.0
U.S.,B+,1000.0,lv,2.5763119999999997,0.4692302,0.3960805,4.0,Phone,15.0
U.S.,A-,724.0,lv,2.5305299999999997,0.4204403,0.3668991,3.0,Phone,15.0
U.S.,A-,1007.0,lv,2.517815,0.47001459999999995,0.41431470000000004,1.0,Phone,21.0
U.S.,B+,990.0,lv,2.500477,0.4491417,0.41330550000000005,1.0,Phone,18.0
U.S.,A-,779.0,lv,2.461519,0.47547759999999994,0.4353545,3.0,Phone,16.0
U.S.,B-,900.0,lv,2.261129,0.484236,0.4002935,3.0,Phone,15.0
U.S.,C+,1050.0,lv,2.153896,0.4416693,0.39106520000000006,4.0,Phone,13.0
U.S.,A+,726.0,lv,2.081449,0.48497300000000004,0.4016272,2.0,Phone,23.0
U.S.,A,845.0,lv,1.975843,0.4449648,0.3747985,3.0,Phone,25.0
U.S.,B+,1029.0,rv,1.8663310000000002,0.47798850000000004,0.4152952,6.0,Phone,21.0
U.S.,B+,1101.0,lv,1.8163040000000001,0.45802529999999997,0.42554990000000004,4.0,Phone,26.0
U.S.,A-,778.0,lv,1.729982,0.4684438,0.40480990000000006,4.0,Phone,23.0
U.S.,C+,1006.0,lv,1.6939669999999998,0.4570754,0.40927840000000004,3.0,Phone,19.0
U.S.,B,1000.0,lv,1.433632,0.4711513,0.4155331,5.0,Phone,26.0
U.S.,A,912.0,lv,1.253575,0.4564513,0.41663909999999993,2.0,Phone,22.0
U.S.,A-,905.0,lv,1.244566,0.4733784,0.4086094,3.0,Phone,26.0
U.S.,A+,1165.0,lv,1.003318,0.4405791,0.441372,3.0,Phone,10.0
U.S.,A+,1160.0,lv,0.8722771,0.4397917,0.44435949999999996,3.0,Phone,11.0
U.S.,A-,1064.0,lv,0.8569686,0.45754829999999996,0.4179768,1.0,Phone,33.0
U.S.,B+,3616.0,rv,0.8507575,0.4624651,0.4246244,13.0,Phone,29.0
U.S.,A+,1002.0,lv,0.8393705,0.42878140000000003,0.4486927,3.0,Phone,45.0
U.S.,A-,1213.0,lv,0.7947754,0.47001529999999997,0.4231031,4.0,Phone,37.0
U.S.,A+,1148.0,lv,0.7572444,0.4491726,0.4472363,3.0,Phone,12.0
U.S.,A+,729.0,lv,0.7236477,0.4646363,0.43810109999999997,3.0,Phone,44.0
U.S.,A,917.0,lv,0.711962,0.4589445,0.40847229999999995,2.0,Phone,27.0
U.S.,B-,2516.0,lv,0.7017045999999999,0.435457,0.37763890000000006,13.0,Online,44.0
U.S.,A+,740.0,lv,0.6839335999999999,0.450653,0.44651040000000003,3.0,Phone,26.0
U.S.,B-,2109.0,rv,0.6803597,0.483951,0.49930019999999997,3.0,Phone,16.0
U.S.,A-,806.0,lv,0.6585799,0.45580909999999997,0.40854199999999996,2.0,Phone,29.0
U.S.,A+,1109.0,lv,0.6451695,0.45852270000000006,0.44014759999999997,3.0,Phone,13.0
U.S.,A,758.0,lv,0.6078696,0.4535702,0.4182555,5.0,Phone,49.0
U.S.,B,925.0,rv,0.5859295999999999,0.4277869,0.4176489,3.0,Online,21.0
U.S.,A+,1135.0,lv,0.5845031999999999,0.457934,0.4226342,3.0,Phone,14.0
U.S.,A-,805.0,lv,0.5828532,0.4609811,0.43336410000000003,4.0,Phone,37.0
U.S.,A,385.0,lv,0.554988,0.455227,0.38536879999999996,4.0,Phone,37.0
U.S.,A+,1119.0,lv,0.5114267,0.4677148,0.4048001,3.0,Phone,15.0
U.S.,A-,1176.0,lv,0.4774340999999999,0.416619,0.38004109999999997,4.0,Online,13.0
U.S.,A+,1155.0,lv,0.469488,0.4776605,0.3867447,3.0,Phone,16.0
U.S.,A-,993.0,lv,0.42613549999999994,0.46256300000000006,0.43948240000000005,5.0,Phone,9.0
U.S.,A-,1195.0,lv,0.41153690000000004,0.4243998,0.37920699999999996,4.0,Online,14.0
U.S.,B+,933.0,lv,0.4002659,0.44602179999999997,0.4184328,1.0,Phone,41.0
U.S.,A,896.0,lv,0.3972343,0.45445840000000004,0.44779969999999997,3.0,Phone,33.0
U.S.,A-,1039.0,lv,0.38836909999999997,0.4557756,0.42147,5.0,Phone,10.0
U.S.,B,800.0,lv,0.3506672,0.4280389,0.43871970000000005,2.0,Phone,56.0
U.S.,A-,1167.0,lv,0.3433823,0.4183455,0.3941516,4.0,Online,15.0
U.S.,B+,1107.0,lv,0.34019240000000006,0.4684952,0.4410873,4.0,Phone,47.0
U.S.,A-,1013.0,lv,0.3309008,0.45915649999999997,0.4143468,5.0,Phone,11.0
U.S.,A-,1115.0,lv,0.3263322,0.4605721,0.443891,3.0,Phone,44.0
U.S.,B+,1251.0,lv,0.32483870000000004,0.45994120000000005,0.42466349999999997,4.0,Online,50.0
U.S.,A-,1181.0,lv,0.2989197,0.4183211,0.38588159999999994,4.0,Online,16.0
U.S.,A-,973.0,lv,0.2796105,0.4515065999999999,0.419258,5.0,Phone,12.0
U.S.,C+,1500.0,lv,0.2578841,0.4219948,0.4582843,2.0,Phone,34.0
U.S.,B,971.0,rv,0.257529,0.453035,0.4203584,1.0,Online,31.0
U.S.,A-,1153.0,lv,0.2525281,0.43439720000000004,0.37626139999999997,4.0,Online,17.0
U.S.,A-,945.0,lv,0.24037129999999998,0.4389179,0.42774470000000003,5.0,Phone,13.0
U.S.,A,911.0,lv,0.22958330000000002,0.4521331,0.4254786,2.0,Phone,40.0
U.S.,A-,1177.0,lv,0.224192,0.43163440000000003,0.39655009999999996,4.0,Online,18.0
U.S.,A-,922.0,lv,0.2159627,0.44472190000000006,0.4052341,3.0,Phone,50.0
U.S.,C+,1500.0,lv,0.2150458,0.45324539999999996,0.45980940000000003,2.0,Phone,12.0
U.S.,A-,921.0,lv,0.2083821,0.4306987,0.42791049999999997,5.0,Phone,14.0
U.S.,A+,651.0,lv,0.2034477,0.4614237,0.4517812,3.0,Phone,47.0
U.S.,A-,1183.0,lv,0.1965978,0.4490031,0.3927975,4.0,Online,19.0
U.S.,C+,1500.0,lv,0.1889354,0.4546519,0.423945,4.0,Phone,9.0
U.S.,A-,916.0,lv,0.1864569,0.4420693,0.4449183,4.0,Phone,56.0
U.S.,A-,2433.0,lv,0.1844988,0.4283379,0.4169173,4.0,Online,25.0
U.S.,A-,873.0,lv,0.1766193,0.42864440000000004,0.4258551,5.0,Phone,15.0
U.S.,A+,689.0,lv,0.176008,0.4692989,0.41951229999999995,3.0,Phone,72.0
U.S.,A-,1200.0,lv,0.17455639999999997,0.4293555,0.40305979999999997,4.0,Online,20.0
U.S.,C+,1317.0,lv,0.1550963,0.4574882,0.44500259999999997,6.0,Online,10.0
U.S.,A-,2431.0,lv,0.1535743,0.43401270000000003,0.40400259999999993,4.0,Online,26.0
U.S.,A-,1192.0,lv,0.15229990000000002,0.4115195,0.4271695,4.0,Online,21.0
U.S.,B,21240.0,lv,0.1512181,0.43189079999999996,0.41181690000000004,4.0,Online,15.0
U.S.,C+,1500.0,lv,0.14935879999999999,0.4525955,0.4527207,2.0,Phone,13.0
U.S.,A-,815.0,lv,0.1483286,0.42461999999999994,0.4305851,5.0,Phone,16.0
U.S.,A-,1187.0,lv,0.1337401,0.41989719999999997,0.4019,4.0,Online,22.0
U.S.,C+,1500.0,lv,0.12918,0.4317333,0.4393178,4.0,Phone,15.0
U.S.,A-,783.0,lv,0.1288401,0.42069609999999996,0.44696490000000005,5.0,Phone,17.0
U.S.,A-,2415.0,lv,0.1283029,0.43695459999999997,0.4039267,4.0,Online,27.0
U.S.,C+,1324.0,lv,0.1277873,0.4652986,0.4396743,6.0,Online,11.0
U.S.,B,910.0,rv,0.12653319999999998,0.4491536,0.43916530000000004,2.0,Online,36.0
U.S.,C+,990.0,rv,0.1185202,0.4657777,0.4418423,3.0,Phone,49.0
U.S.,A-,791.0,lv,0.11795919999999999,0.4099333,0.44325359999999997,5.0,Phone,18.0
U.S.,A-,1183.0,lv,0.1179513,0.4243459,0.39934600000000003,4.0,Online,23.0
U.S.,A-,960.0,lv,0.10896449999999999,0.43498290000000006,0.40797150000000004,5.0,Phone,56.0
U.S.,C+,1500.0,lv,0.1084607,0.4420068,0.44520730000000003,2.0,Phone,14.0
U.S.,A-,2398.0,lv,0.10807049999999999,0.4467685,0.39585000000000004,4.0,Online,28.0
U.S.,A-,1214.0,lv,0.10734180000000001,0.4097699,0.4178108,4.0,Online,24.0
U.S.,A-,789.0,lv,0.1067664,0.415302,0.4345011,5.0,Phone,19.0
U.S.,C+,1332.0,lv,0.10646069999999999,0.45926490000000003,0.4443158,6.0,Online,12.0
U.S.,B-,1690.0,rv,0.104451,0.4471526,0.4598833,0.0,Phone,36.0
U.S.,C+,1005.0,lv,0.0995175,0.4682385,0.46405700000000005,6.0,Phone,53.0
U.S.,B+,1000.0,lv,0.0972064,0.44110770000000005,0.386714,5.0,Phone,71.0
U.S.,A-,786.0,lv,0.0962581,0.44206559999999995,0.45911120000000005,3.0,Phone,65.0
U.S.,A-,779.0,lv,0.09582130000000001,0.41565440000000003,0.4367634,5.0,Phone,20.0
U.S.,A+,642.0,lv,0.09441050000000001,0.4639325,0.42842410000000003,3.0,Phone,61.0
U.S.,C+,1363.0,lv,0.0909267,0.45912040000000004,0.4414564,6.0,Online,13.0
U.S.,A-,2359.0,lv,0.0909194,0.4426036,0.3977693,4.0,Online,29.0
U.S.,A,867.0,lv,0.0901831,0.44061999999999996,0.4270026,3.0,Phone,55.0
U.S.,A-,782.0,lv,0.08756950000000001,0.41381840000000003,0.438873,5.0,Phone,21.0
U.S.,B,1000.0,lv,0.0868097,0.444011,0.4310595,4.0,Phone,68.0
U.S.,B+,1025.0,lv,0.08398330000000001,0.4579384,0.43385150000000006,4.0,Phone,65.0
U.S.,C-,1277.0,lv,0.08133960000000001,0.4032456,0.42382529999999996,1.0,Online,87.0
U.S.,B-,3386.0,rv,0.080708,0.48376359999999996,0.44763729999999996,0.0,Phone,42.0
U.S.,C+,1000.0,rv,0.07581239999999999,0.4712308,0.4327758,6.0,Phone,85.0
U.S.,C+,1349.0,lv,0.0757094,0.4638817,0.4385166,6.0,Online,14.0
U.S.,B,1115.0,rv,0.07432230000000001,0.4689685,0.44578229999999996,1.0,Online,46.0
U.S.,B+,3941.0,rv,0.07308839999999998,0.46873040000000005,0.4210353,27.0,Phone,57.0
U.S.,A+,749.0,lv,0.06656319999999999,0.4585387,0.4359777,3.0,Phone,92.0
U.S.,C+,1370.0,lv,0.0651745,0.4613403,0.4422296,6.0,Online,15.0
U.S.,A,983.0,rv,0.0619039,0.4643488,0.371894,2.0,Phone,97.0
U.S.,A+,683.0,lv,0.0617933,0.5053880000000001,0.4050087,3.0,Phone,93.0
U.S.,A-,861.0,lv,0.0586855,0.4290331,0.42364579999999996,6.0,Phone,68.0
U.S.,C+,1414.0,lv,0.0572655,0.4637442,0.4393372,6.0,Online,16.0
U.S.,A-,1107.0,lv,0.056051199999999995,0.419607,0.40311820000000004,4.0,Online,33.0
U.S.,B+,881.0,lv,0.0550553,0.43504370000000003,0.39820900000000004,2.0,Phone,72.0
U.S.,B-,1000.0,lv,0.0543356,0.47610859999999994,0.4338385,3.0,Online,99.0
U.S.,B,22826.0,lv,0.0492355,0.43460079999999995,0.4170252,4.0,Online,20.0
U.S.,A-,1498.0,lv,0.0470606,0.473827,0.40798,6.0,Phone,76.0
U.S.,C+,1226.0,lv,0.0468972,0.4512049,0.4520709,6.0,Online,62.0
U.S.,C+,1347.0,lv,0.046778,0.4639841,0.43942859999999995,6.0,Online,17.0
U.S.,C+,956.0,lv,0.045018300000000004,0.4865233,0.3553245,0.0,Phone,102.0
U.S.,B,1065.0,rv,0.0435243,0.43098040000000004,0.41659709999999994,1.0,Online,50.0
U.S.,C+,1500.0,lv,0.042098500000000004,0.41202220000000006,0.45371629999999996,2.0,Phone,19.0
U.S.,C+,1330.0,lv,0.039957599999999996,0.4674292,0.43115250000000005,6.0,Online,18.0
U.S.,C+,1500.0,lv,0.0388964,0.4230421,0.448008,2.0,Phone,35.0
U.S.,A-,1131.0,lv,0.03853959999999999,0.41552079999999997,0.4026305,4.0,Online,30.0
U.S.,B+,798.0,rv,0.037818,0.45080690000000007,0.43108,3.0,Phone,93.0
U.S.,A,1011.0,rv,0.037552800000000004,0.4547372,0.4438012,2.0,Phone,70.0
U.S.,C+,1500.0,lv,0.0374485,0.42328499999999997,0.4380662,4.0,Phone,22.0
U.S.,A-,1130.0,lv,0.03507419999999999,0.42453670000000004,0.4074597,4.0,Online,31.0
U.S.,A-,2259.0,lv,0.034833300000000005,0.4190676,0.40046170000000003,4.0,Online,38.0
U.S.,C+,1320.0,lv,0.0345071,0.4726308,0.42666400000000004,6.0,Online,19.0
U.S.,C+,1500.0,lv,0.0339374,0.40239090000000005,0.45496369999999997,2.0,Phone,20.0
U.S.,C+,1500.0,lv,0.031957599999999996,0.4117089,0.4510478,4.0,Phone,16.0
U.S.,A-,1103.0,lv,0.031240800000000003,0.41640320000000003,0.38120670000000006,4.0,Online,32.0
U.S.,C+,1360.0,lv,0.0310397,0.47119440000000007,0.4342732,6.0,Online,20.0
U.S.,A-,2224.0,lv,0.0303577,0.41320120000000005,0.403009,4.0,Online,39.0
U.S.,C+,1500.0,lv,0.0277324,0.4227433,0.446226,2.0,Phone,21.0
U.S.,C+,1344.0,lv,0.026866900000000003,0.4648228,0.4415545,6.0,Online,21.0
U.S.,A-,1242.0,lv,0.025720499999999997,0.42972229999999995,0.3875763,4.0,Online,35.0
U.S.,A-,2088.0,lv,0.025374400000000002,0.4222652,0.4025958,4.0,Online,40.0
U.S.,A-,1119.0,lv,0.025352700000000002,0.43865429999999994,0.3878418,4.0,Online,34.0
U.S.,B,1087.0,rv,0.025000799999999997,0.45229840000000004,0.43947759999999997,3.0,Online,56.0
U.S.,A-,1433.0,lv,0.024672299999999998,0.43288319999999997,0.3919003,4.0,Online,37.0
U.S.,A-,1239.0,lv,0.0234232,0.42781579999999997,0.3872175,4.0,Online,36.0
U.S.,C+,1326.0,lv,0.0233285,0.4738823,0.43551140000000005,6.0,Online,22.0
U.S.,B+,819.0,rv,0.0231679,0.4809626,0.4003264,3.0,Phone,96.0
U.S.,A-,2045.0,lv,0.0222449,0.4224268,0.40309649999999997,4.0,Online,41.0
U.S.,A+,688.0,lv,0.0212253,0.4657546,0.46146990000000004,2.0,Phone,115.0
U.S.,C+,1325.0,lv,0.020596200000000002,0.4708611,0.4344308,6.0,Online,23.0
U.S.,A-,1131.0,rv,0.0198242,0.4635494,0.434155,2.0,Phone,100.0
U.S.,B+,4827.0,rv,0.019505900000000003,0.44214040000000004,0.4502441,17.0,Phone,114.0
U.S.,C+,1386.0,lv,0.0190621,0.48060499999999995,0.4247132,6.0,Online,24.0
U.S.,A+,682.0,lv,0.018825400000000003,0.4795089,0.42784690000000003,3.0,Phone,96.0
U.S.,A-,1888.0,lv,0.018478799999999997,0.42260539999999996,0.4015377,4.0,Online,42.0
U.S.,B-,1560.0,lv,0.0183782,0.44690979999999997,0.39719229999999994,0.0,Phone,49.0
U.S.,B,19900.0,lv,0.017800299999999998,0.4323832,0.41608259999999997,4.0,Online,25.0
U.S.,C+,1448.0,lv,0.017613,0.47476890000000005,0.4292876,6.0,Online,25.0
U.S.,B,943.0,lv,0.0162651,0.4204093,0.4237442,1.0,Online,11.0
U.S.,C+,994.0,rv,0.0160204,0.4633253,0.4337499,3.0,Phone,80.0
U.S.,C+,1482.0,lv,0.0159505,0.47289809999999993,0.430599,6.0,Online,26.0
U.S.,A,1053.0,rv,0.015943000000000002,0.42381890000000005,0.41098290000000004,4.0,Phone,122.0
U.S.,A-,800.0,rv,0.015275,0.4555005999999999,0.4088726,3.0,Phone,97.0
U.S.,C+,1500.0,lv,0.0146322,0.4479915,0.41893549999999996,4.0,Phone,29.0
U.S.,A-,894.0,rv,0.014580100000000002,0.47258359999999994,0.40389400000000003,2.0,Phone,100.0
U.S.,B+,1276.0,lv,0.0145457,0.4732009,0.44072559999999994,1.0,Phone,101.0
U.S.,B,1077.0,rv,0.014365600000000001,0.433339,0.4236238,2.0,Online,63.0
U.S.,C+,1500.0,lv,0.0140592,0.41472580000000003,0.4590835,2.0,Phone,26.0
U.S.,C-,32225.0,lv,0.013812999999999999,0.4430188,0.42234629999999995,6.0,Online,16.0
U.S.,C+,1402.0,lv,0.013405700000000001,0.47492690000000004,0.4251372,6.0,Online,27.0
U.S.,B-,1000.0,lv,0.0128197,0.4415932,0.4717904,2.0,Online,107.0
U.S.,C+,1500.0,lv,0.0119663,0.4154005,0.4591688,2.0,Phone,27.0
U.S.,C+,1367.0,lv,0.011676700000000002,0.477271,0.4197655,6.0,Online,28.0
U.S.,B-,900.0,lv,0.0116318,0.446473,0.4405003,5.0,Phone,113.0
U.S.,B-,2348.0,lv,0.011197200000000001,0.4388134,0.4029065,1.0,Phone,61.0
U.S.,A-,851.0,rv,0.010964299999999998,0.43824490000000005,0.40727579999999997,6.0,Phone,96.0
U.S.,C+,1367.0,lv,0.010463600000000002,0.47388779999999997,0.4180264,6.0,Online,29.0
U.S.,A-,1118.0,rv,0.0103944,0.4282545,0.45232190000000005,2.0,Phone,107.0
U.S.,C+,1500.0,lv,0.0102513,0.4363424000000001,0.41909279999999993,2.0,Phone,28.0
U.S.,C+,1500.0,lv,0.010163799999999999,0.4337337,0.43851219999999996,4.0,Phone,23.0
U.S.,C+,909.0,lv,0.009981700000000001,0.4210134,0.3838503,0.0,Phone,109.0
U.S.,A-,1041.0,lv,0.009323,0.44056059999999997,0.39637390000000006,4.0,Online,43.0
U.S.,C+,1350.0,lv,0.009282799999999999,0.47151350000000003,0.42056530000000003,6.0,Online,30.0
U.S.,A,1022.0,rv,0.009270200000000001,0.4808778,0.40804190000000007,2.0,Phone,98.0
U.S.,B,19629.0,lv,0.0090818,0.4388661,0.4172958,5.0,Online,30.0
U.S.,A-,1044.0,lv,0.008672200000000001,0.45353709999999997,0.40519320000000003,4.0,Online,44.0
U.S.,B,1119.0,rv,0.0084706,0.45292990000000005,0.4169892,2.0,Online,71.0
U.S.,A-,1076.0,lv,0.008290299999999999,0.44137370000000004,0.39217729999999995,4.0,Online,45.0
U.S.,C+,1325.0,lv,0.008208,0.4550322,0.4348646,6.0,Online,31.0
U.S.,A-,882.0,rv,0.0082042,0.41728879999999996,0.4720609,2.0,Phone,107.0
U.S.,B+,1567.0,rv,0.0081487,0.42477550000000003,0.4176156,7.0,Phone,84.0
U.S.,A-,1122.0,lv,0.0080131,0.42010870000000006,0.38918820000000004,4.0,Online,46.0
U.S.,C+,1500.0,lv,0.0078479,0.43520359999999997,0.43738370000000004,4.0,Phone,36.0
U.S.,A-,1098.0,lv,0.00727,0.42748259999999993,0.3815401,4.0,Online,47.0
U.S.,C+,1286.0,lv,0.0071997,0.4512628,0.44290279999999993,6.0,Online,32.0
U.S.,A,1408.0,rv,0.0069041,0.4130616,0.4036358,0.0,Phone,153.0
U.S.,A-,1121.0,lv,0.0068845,0.40054900000000004,0.400008,4.0,Online,48.0
U.S.,A-,1130.0,lv,0.0064375,0.3916814,0.389542,4.0,Online,49.0
U.S.,C+,1250.0,lv,0.0063445,0.45205350000000005,0.4422699,6.0,Online,33.0
U.S.,B-,336.0,lv,0.0062253,0.5553419,0.3588838,13.0,Online,75.0
U.S.,B+,3810.0,rv,0.0061857,0.49744409999999994,0.481364,27.0,Phone,92.0
U.S.,B+,1007.0,lv,0.006129,0.4636755,0.438567,4.0,Phone,115.0
U.S.,C,1000.0,lv,0.0060417000000000005,0.4544072,0.4163354,4.0,Phone,143.0
U.S.,C+,1500.0,lv,0.0058773,0.44091440000000004,0.4484962,2.0,Phone,33.0
U.S.,A-,1110.0,lv,0.0058695,0.3917787,0.41602530000000004,4.0,Online,50.0
U.S.,A+,721.0,lv,0.005839100000000001,0.4516415,0.40301990000000004,4.0,Phone,142.0
U.S.,A-,1000.0,rv,0.0058312,0.44579219999999997,0.4179356,4.0,Phone,118.0
U.S.,C+,1257.0,lv,0.0057958,0.4480679,0.4483508,6.0,Online,34.0
U.S.,C+,1274.0,lv,0.005340999999999999,0.4473025,0.45243310000000003,6.0,Online,35.0
U.S.,A-,1087.0,lv,0.0053403,0.4050486,0.42125880000000004,4.0,Online,51.0
U.S.,A+,543.0,lv,0.0052997,0.45988409999999996,0.4159164000000001,3.0,Phone,117.0
U.S.,A-,1358.0,rv,0.005255,0.4016727,0.41479320000000003,4.0,Phone,119.0
U.S.,B+,837.0,rv,0.005249899999999999,0.43040259999999997,0.4269964,4.0,Online,120.0
U.S.,A-,1137.0,lv,0.0051906999999999995,0.4223412,0.4084864,4.0,Online,52.0
U.S.,B,22006.0,lv,0.005143,0.4465285,0.4159656,6.0,Online,36.0
U.S.,B,1080.0,rv,0.0049473,0.4512469,0.4300519,4.0,Online,77.0
U.S.,A+,750.0,lv,0.0049352,0.5143235,0.40329360000000003,3.0,Phone,148.0
U.S.,C+,1275.0,lv,0.0048642,0.4505388,0.4586847,6.0,Online,36.0
U.S.,A-,1127.0,lv,0.0047802,0.4395232,0.3980899,4.0,Online,53.0
U.S.,A-,872.0,rv,0.0045673,0.45088209999999995,0.40333490000000005,3.0,Phone,115.0
U.S.,A-,1155.0,lv,0.0045528,0.43368819999999997,0.41153290000000003,4.0,Online,54.0
U.S.,C+,1285.0,lv,0.0044659999999999995,0.4469829,0.4667058,6.0,Online,37.0
U.S.,A-,1162.0,lv,0.0042564,0.440867,0.3948885,4.0,Online,55.0
U.S.,C+,1500.0,lv,0.004146,0.45890859999999994,0.40879670000000007,4.0,Phone,30.0
U.S.,C+,1288.0,lv,0.004081800000000001,0.45426809999999995,0.4624047,6.0,Online,38.0
U.S.,A-,1158.0,lv,0.0039434,0.4309714,0.39445440000000004,4.0,Online,56.0
U.S.,B+,1000.0,lv,0.00391,0.41483999999999993,0.39034199999999997,3.0,Phone,132.0
U.S.,B-,758.0,lv,0.0038798,0.43938099999999997,0.4470197,6.0,Online,97.0
U.S.,C+,1000.0,lv,0.0038364000000000002,0.4154965,0.46435429999999994,1.0,Phone,48.0
U.S.,B-,393.0,lv,0.0037156,0.44152440000000004,0.4773509,7.0,Online,89.0
U.S.,A-,1125.0,lv,0.0035645000000000004,0.4121425,0.41508249999999997,4.0,Online,57.0
U.S.,C+,1000.0,lv,0.0035503,0.44745540000000006,0.4266279,1.0,Phone,40.0
U.S.,C+,1223.0,lv,0.003542,0.45800490000000005,0.4610643,6.0,Online,39.0
U.S.,A-,1122.0,lv,0.0033106000000000003,0.41224299999999997,0.41369609999999996,4.0,Online,58.0
U.S.,C-,24804.0,lv,0.0032854,0.4453915,0.41889580000000004,6.0,Online,23.0
U.S.,C+,1236.0,lv,0.0032778,0.4541328,0.46393140000000005,6.0,Online,40.0
U.S.,B,1076.0,rv,0.0031820999999999998,0.4397975,0.40240200000000004,2.0,Online,84.0
U.S.,C+,1500.0,lv,0.0031389,0.44858909999999996,0.4461752,2.0,Phone,40.0
U.S.,A-,1098.0,lv,0.0030189,0.3973862,0.4272543,4.0,Online,59.0
U.S.,C-,1257.0,lv,0.0030104,0.4419574,0.4417009,1.0,Online,125.0
U.S.,C+,1234.0,lv,0.0029989,0.45407569999999997,0.46073679999999995,6.0,Online,41.0
U.S.,B-,969.0,lv,0.0028291999999999996,0.4864941,0.3734885,2.0,Online,104.0
U.S.,C+,1500.0,lv,0.0027836,0.43965309999999996,0.43576190000000004,2.0,Phone,41.0
U.S.,A-,1085.0,lv,0.002782,0.38261740000000005,0.435831,4.0,Online,60.0
U.S.,C+,1239.0,lv,0.0027616,0.46102150000000003,0.4465637,6.0,Online,42.0
U.S.,B-,1000.0,lv,0.0026629,0.43363219999999997,0.3944757,4.0,Online,126.0
U.S.,A-,1106.0,lv,0.0026453,0.409829,0.39746119999999996,4.0,Online,61.0
U.S.,B-,900.0,lv,0.0026037,0.4935377,0.4126323,5.0,Phone,133.0
U.S.,B-,1493.0,lv,0.0025510999999999997,0.42762609999999995,0.4202104,1.0,Phone,77.0
U.S.,C+,990.0,rv,0.0025153000000000003,0.43315459999999995,0.4339029,3.0,Phone,111.0
U.S.,B,19273.0,lv,0.0024916,0.43320590000000003,0.4241393,5.0,Online,43.0
U.S.,A-,1101.0,lv,0.0024568000000000003,0.41990759999999994,0.3780348,4.0,Online,62.0
U.S.,C+,1174.0,lv,0.0024044,0.45774380000000003,0.44592869999999996,6.0,Online,43.0
U.S.,C+,781.0,lv,0.0024021,0.44341749999999996,0.33629709999999996,2.0,Phone,122.0
U.S.,C+,1000.0,lv,0.0023523000000000003,0.427076,0.44769909999999996,1.0,Phone,56.0
U.S.,A-,1610.0,rv,0.00231,0.4315773,0.4184745,6.0,Phone,134.0
U.S.,B-,1000.0,lv,0.0022900999999999998,0.4432047,0.430928,3.0,Phone,173.0
U.S.,A-,1084.0,lv,0.0022578000000000003,0.4329204,0.3705576,4.0,Online,63.0
U.S.,A-,1083.0,lv,0.0021066999999999995,0.4169335,0.4089083,4.0,Online,64.0
U.S.,C+,1052.0,lv,0.0019875,0.4620064,0.4405388,6.0,Online,44.0
U.S.,A-,1090.0,lv,0.0019807,0.4279258,0.41030429999999996,4.0,Online,65.0
U.S.,A-,1000.0,rv,0.0019437,0.42224870000000003,0.4486958,4.0,Phone,138.0
U.S.,A+,545.0,lv,0.0019157,0.48660400000000004,0.4171442,3.0,Phone,138.0
U.S.,B,1026.0,rv,0.0019077000000000002,0.44885559999999997,0.41311709999999996,3.0,Online,91.0
U.S.,A-,837.0,rv,0.0018789999999999998,0.4251509,0.41756279999999996,5.0,Phone,132.0
U.S.,A-,1092.0,lv,0.001854,0.4238997,0.396684,4.0,Online,66.0
U.S.,A-,1132.0,lv,0.0017952999999999999,0.415935,0.41711940000000003,4.0,Online,67.0
U.S.,C+,1022.0,lv,0.0017866,0.4696535,0.4306618,6.0,Online,45.0
U.S.,C+,1091.0,lv,0.0017647000000000001,0.46874140000000003,0.4363277,6.0,Online,46.0
U.S.,A-,1360.0,lv,0.0017513,0.4004985,0.4244001,4.0,Online,70.0
U.S.,A-,1172.0,lv,0.0017355,0.41087229999999997,0.4085290999999999,4.0,Online,68.0
U.S.,B-,2832.0,lv,0.0017166,0.4248265,0.3842277,0.0,Phone,91.0
U.S.,A,1017.0,rv,0.001678,0.45778379999999996,0.4183289,2.0,Phone,133.0
U.S.,A-,1400.0,lv,0.0016767,0.41422309999999996,0.41378509999999996,4.0,Online,71.0
U.S.,A-,1196.0,lv,0.0016527999999999998,0.4057342,0.4219423,4.0,Online,69.0
U.S.,C+,1098.0,lv,0.0016422000000000001,0.4748153,0.4299031,6.0,Online,47.0
U.S.,C+,1000.0,lv,0.0015890000000000001,0.4580053,0.42099719999999996,1.0,Phone,62.0
U.S.,B,20864.0,lv,0.0015251,0.42702399999999996,0.42629059999999996,6.0,Online,49.0
U.S.,A-,1356.0,lv,0.0015114,0.40794919999999996,0.41721359999999996,4.0,Online,72.0
U.S.,B+,853.0,v,0.0014981,0.47531149999999994,0.45153170000000004,1.0,Phone,133.0
U.S.,C+,1073.0,lv,0.0014852,0.476445,0.42653440000000004,6.0,Online,48.0
U.S.,A-,1349.0,lv,0.0014003,0.4036963,0.4236187,4.0,Online,73.0
U.S.,C+,1075.0,lv,0.0013783,0.4654455,0.4415209,6.0,Online,49.0
U.S.,C+,1160.0,lv,0.0013765999999999997,0.4694041,0.4355432,6.0,Online,50.0
U.S.,C-,23329.0,lv,0.0013727000000000001,0.45115840000000007,0.4285447,6.0,Online,30.0
U.S.,C-,1000.0,lv,0.001356,0.4524776,0.4243818,5.0,Online,176.0
U.S.,C+,1203.0,lv,0.0013197,0.4640117,0.4377857,6.0,Online,51.0
U.S.,A-,1337.0,lv,0.0012934,0.40544270000000004,0.4091185,4.0,Online,74.0
U.S.,C+,1229.0,lv,0.0012457,0.4584006,0.4459961,6.0,Online,52.0
U.S.,B,1069.0,rv,0.0012102,0.44003230000000004,0.41010579999999996,2.0,Online,99.0
U.S.,B,924.0,lv,0.0011680999999999998,0.38449120000000003,0.39131140000000003,1.0,Online,25.0
U.S.,C+,1246.0,lv,0.001167,0.4587373,0.4446108,6.0,Online,53.0
U.S.,A-,891.0,rv,0.0011626,0.44693730000000004,0.41497409999999996,3.0,Phone,142.0
U.S.,C+,1229.0,lv,0.0010642000000000002,0.454725,0.44727530000000004,6.0,Online,54.0
U.S.,A-,1154.0,lv,0.0010425999999999999,0.41119890000000003,0.3995583,4.0,Online,75.0
U.S.,C+,1265.0,lv,0.0010131,0.4526033,0.4492151,6.0,Online,55.0
U.S.,C+,1000.0,lv,0.0009904999999999998,0.41826019999999997,0.4346952,1.0,Phone,70.0
U.S.,A-,1150.0,lv,0.0009724,0.406014,0.39702950000000004,4.0,Online,76.0
U.S.,B-,1143.0,rv,0.0009638,0.4788644,0.4528544,0.0,Phone,85.0
U.S.,B,22726.0,lv,0.0009412000000000001,0.4189878,0.4239478,6.0,Online,56.0
U.S.,C+,1245.0,lv,0.0009224999999999999,0.4551715,0.45134029999999997,6.0,Online,56.0
U.S.,A-,1133.0,lv,0.000897,0.4218155,0.3814629,4.0,Online,77.0
U.S.,A-,801.0,rv,0.0008763,0.4095902,0.39627490000000004,2.0,Phone,148.0
U.S.,A-,1048.0,rv,0.0008712999999999999,0.42719120000000005,0.37456609999999996,4.0,Phone,148.0
U.S.,C+,1232.0,lv,0.0008454000000000001,0.44187259999999995,0.46155440000000003,6.0,Online,57.0
U.S.,A-,1115.0,lv,0.0008271000000000001,0.43166129999999997,0.3688682,4.0,Online,78.0
U.S.,C+,1260.0,lv,0.000801,0.4425244,0.46032140000000005,6.0,Online,58.0
U.S.,C+,930.0,lv,0.0007939,0.4147125,0.3954156,6.0,Phone,145.0
U.S.,C-,26925.0,lv,0.0007705,0.4586892,0.4165466,6.0,Online,37.0
U.S.,B,1057.0,rv,0.0007672000000000001,0.434987,0.42799859999999995,1.0,Online,107.0
U.S.,A-,1078.0,lv,0.0007496,0.4314463,0.3722654,4.0,Online,79.0
U.S.,C+,1244.0,lv,0.0007329,0.4379466,0.4640891,6.0,Online,59.0
U.S.,C-,875.0,lv,0.000728,0.4205481,0.4320832,1.0,Online,132.0
U.S.,B+,3834.0,rv,0.0007207000000000001,0.5095644,0.47468999999999995,28.0,Phone,126.0
U.S.,A-,1091.0,lv,0.0007116000000000001,0.43622409999999995,0.3797366,4.0,Online,80.0
U.S.,C+,1260.0,lv,0.0006882999999999999,0.44379779999999996,0.4600588,6.0,Online,60.0
U.S.,C+,1000.0,lv,0.0006789,0.4468305,0.4172847,1.0,Phone,76.0
U.S.,A-,1104.0,lv,0.0006753999999999999,0.4169168,0.3851885,4.0,Online,81.0
U.S.,A-,1118.0,lv,0.0006415,0.4226262,0.3745334,4.0,Online,82.0
U.S.,C+,1256.0,lv,0.0006364,0.44543079999999996,0.45668690000000006,6.0,Online,61.0
U.S.,A-,1105.0,lv,0.0005947,0.41136609999999996,0.3928129000000001,4.0,Online,83.0
U.S.,A,1004.0,rv,0.0005914,0.43569040000000003,0.4169157,3.0,Phone,153.0
U.S.,B-,3462.0,rv,0.0005762,0.49363599999999996,0.5170671,1.0,Phone,109.0
U.S.,A-,1129.0,lv,0.00057,0.4161108,0.3910555,4.0,Online,84.0
U.S.,C+,1262.0,lv,0.0005678,0.45302079999999995,0.4469245,6.0,Online,63.0
U.S.,B,22673.0,lv,0.0005478,0.42137879999999994,0.4229737,6.0,Online,63.0
U.S.,A-,828.0,rv,0.0005372999999999999,0.48094050000000005,0.4336311,5.0,Phone,156.0
U.S.,A-,1131.0,lv,0.0005357000000000001,0.4199174,0.3831093,4.0,Online,85.0
U.S.,C+,1220.0,lv,0.0005098,0.4655233,0.43623049999999997,6.0,Online,64.0
U.S.,A-,1109.0,lv,0.000493,0.42966940000000003,0.385334,4.0,Online,86.0
U.S.,A-,1561.0,rv,0.0004916,0.4383399,0.42526600000000003,6.0,Phone,162.0
U.S.,C+,1237.0,lv,0.0004803999999999999,0.46989709999999996,0.4406103,6.0,Online,65.0
U.S.,B,1056.0,rv,0.0004747,0.4390682,0.4190028,2.0,Online,114.0
U.S.,A-,1137.0,lv,0.00047430000000000004,0.43248719999999996,0.3894744,4.0,Online,87.0
U.S.,A+,829.0,rv,0.000472,0.4322439,0.4803492,3.0,Phone,173.0
U.S.,A-,1167.0,lv,0.00045680000000000004,0.42943339999999997,0.39357890000000006,4.0,Online,88.0
U.S.,C+,987.0,rv,0.0004548,0.5002871,0.42653030000000003,3.0,Phone,141.0
U.S.,C+,1242.0,lv,0.0004484,0.4780283,0.4311415,6.0,Online,66.0
U.S.,C+,1000.0,lv,0.0004287,0.43501399999999996,0.43069959999999996,1.0,Phone,84.0
U.S.,C+,1242.0,lv,0.000417,0.47667390000000004,0.4275595,6.0,Online,67.0
U.S.,A-,1115.0,lv,0.00040969999999999993,0.4203993,0.39257559999999997,4.0,Online,89.0
U.S.,B+,1655.0,rv,0.0004096,0.47099509999999994,0.4061207,11.0,Phone,135.0
U.S.,C+,1242.0,lv,0.00038789999999999994,0.47380490000000003,0.4312417,6.0,Online,68.0
U.S.,A-,1101.0,lv,0.00037999999999999997,0.41442419999999996,0.391528,4.0,Online,90.0
U.S.,A-,1168.0,lv,0.0003786,0.43029429999999996,0.3734782,4.0,Online,91.0
U.S.,C+,3536.0,lv,0.00037,0.4446602,0.41737270000000004,3.0,Phone,219.0
U.S.,A-,1154.0,lv,0.0003512,0.4203122,0.3822815,4.0,Online,92.0
U.S.,C+,1173.0,lv,0.0003413,0.46728590000000003,0.43751629999999997,6.0,Online,69.0
U.S.,A-,1119.0,lv,0.0003198,0.4232818,0.3729958,4.0,Online,93.0
U.S.,B,22189.0,lv,0.0003185,0.43186840000000004,0.41655050000000005,6.0,Online,70.0
U.S.,A-,1175.0,lv,0.00031549999999999997,0.42726349999999996,0.39362569999999997,4.0,Online,94.0
U.S.,C+,1162.0,lv,0.00031519999999999996,0.47277359999999996,0.4384645,6.0,Online,70.0
U.S.,A-,2332.0,lv,0.0003029,0.39755559999999995,0.41840959999999994,4.0,Online,105.0
U.S.,A-,1196.0,lv,0.0003015,0.41319390000000006,0.40625390000000006,4.0,Online,95.0
U.S.,C+,1000.0,lv,0.0002972,0.4538212,0.4417451,1.0,Phone,90.0
U.S.,C+,1173.0,lv,0.0002969,0.48053509999999994,0.4481283,6.0,Online,71.0
U.S.,A-,1000.0,rv,0.0002959,0.4645942,0.4725718,4.0,Phone,173.0
U.S.,A-,2062.0,lv,0.00028879999999999997,0.410895,0.40354500000000004,4.0,Online,104.0
U.S.,B,932.0,rv,0.0002875,0.43893509999999997,0.4205291,2.0,Online,120.0
U.S.,A-,2289.0,lv,0.0002753,0.40208550000000004,0.4164687,4.0,Online,106.0
U.S.,A-,1153.0,lv,0.0002731,0.4153889,0.4177912,4.0,Online,96.0
U.S.,C+,1145.0,lv,0.0002705,0.48166600000000004,0.44611709999999993,6.0,Online,72.0
U.S.,A-,1787.0,lv,0.000269,0.4042942,0.40256590000000003,4.0,Online,103.0
U.S.,A-,1283.0,lv,0.0002682,0.4456009,0.39451679999999995,4.0,Online,98.0
U.S.,A-,1662.0,lv,0.0002681,0.4026086,0.3959121,4.0,Online,102.0
U.S.,C+,1157.0,lv,0.0002552,0.4818663,0.4478709,6.0,Online,73.0
U.S.,A-,1143.0,lv,0.0002544,0.4318748,0.4111829,4.0,Online,97.0
U.S.,A-,1291.0,lv,0.00025320000000000003,0.43838029999999995,0.37830179999999997,4.0,Online,99.0
U.S.,C+,1211.0,lv,0.00024940000000000004,0.4674085,0.46559670000000003,6.0,Online,74.0
U.S.,A-,1309.0,lv,0.0002408,0.4460955999999999,0.37594790000000006,4.0,Online,100.0
U.S.,A-,1393.0,lv,0.0002403,0.42586490000000005,0.38248470000000007,4.0,Online,101.0
U.S.,A-,2063.0,lv,0.00023040000000000002,0.41058570000000005,0.4094737,4.0,Online,107.0
U.S.,A-,1109.0,rv,0.00022850000000000002,0.4800062,0.43920390000000004,4.0,Phone,175.0
U.S.,C+,1183.0,lv,0.00022730000000000002,0.4718927,0.4631369,6.0,Online,75.0
U.S.,C-,13598.0,lv,0.0002145,0.4559953,0.4142622,6.0,Online,44.0
U.S.,C+,1187.0,lv,0.00021309999999999998,0.45947859999999996,0.4654548,6.0,Online,76.0
U.S.,B,1004.0,rv,0.00020510000000000003,0.4575558,0.42074300000000003,2.0,Online,127.0
U.S.,C+,1196.0,lv,0.0002005,0.4579857,0.4636214,6.0,Online,77.0
U.S.,A,1021.0,rv,0.0001986,0.4315775,0.47471179999999996,3.0,Phone,175.0
U.S.,B,22234.0,lv,0.0001953,0.4242066,0.4255335,6.0,Online,77.0
U.S.,A-,1864.0,lv,0.0001939,0.40242629999999996,0.42125409999999996,4.0,Online,108.0
U.S.,C+,1214.0,lv,0.0001901,0.46556290000000006,0.45611080000000004,6.0,Online,78.0
U.S.,C+,1000.0,lv,0.0001896,0.46377670000000004,0.43995740000000005,1.0,Phone,98.0
U.S.,C+,1259.0,lv,0.0001841,0.461796,0.45433750000000006,6.0,Online,79.0
U.S.,B+,1222.0,v,0.0001706,0.4364148,0.41903579999999996,3.0,Phone,183.0
U.S.,B,873.0,lv,0.0001693,0.41702849999999997,0.3938656,1.0,Online,39.0
U.S.,C+,1191.0,lv,0.00016269999999999997,0.46365759999999995,0.4571582,6.0,Online,80.0
U.S.,A,1066.0,rv,0.00015959999999999998,0.47374890000000003,0.4445391,2.0,Phone,222.0
U.S.,A-,1579.0,lv,0.0001536,0.39408909999999997,0.43240140000000005,4.0,Online,109.0
U.S.,C-,837.0,lv,0.00015030000000000002,0.4278051,0.40026959999999995,3.0,Online,156.0
U.S.,B,1069.0,rv,0.00014439999999999999,0.4361329,0.40113490000000007,3.0,Online,134.0
U.S.,C+,1096.0,lv,0.0001402,0.4760331,0.4413691,6.0,Online,81.0
U.S.,C+,1000.0,lv,0.0001327,0.43618320000000005,0.43526509999999996,1.0,Phone,104.0
U.S.,B+,1000.0,lv,0.0001314,0.48386229999999997,0.40432190000000007,4.0,Phone,198.0
U.S.,B,1000.0,lv,0.00013130000000000002,0.4447699,0.4401234,3.0,Phone,202.0
U.S.,C-,13230.0,lv,0.0001299,0.45796279999999995,0.41657130000000003,6.0,Online,51.0
U.S.,A+,815.0,lv,0.00012130000000000001,0.5164030000000001,0.3654652,3.0,Phone,231.0
U.S.,B,22143.0,lv,0.00012009999999999998,0.4362627,0.4126746,6.0,Online,84.0
U.S.,C+,993.0,lv,0.00011909999999999998,0.47297709999999993,0.44245280000000003,6.0,Online,82.0
U.S.,A-,1279.0,lv,0.00011679999999999999,0.4245421,0.3936849,4.0,Online,110.0
U.S.,C+,1009.0,lv,0.0001137,0.47811040000000005,0.438284,6.0,Online,83.0
U.S.,C+,1069.0,lv,0.000113,0.4895463,0.42656700000000003,6.0,Online,84.0
U.S.,A-,890.0,rv,0.00011159999999999999,0.5313799,0.4185085,3.0,Phone,191.0
U.S.,A-,1236.0,lv,0.0001062,0.42989579999999994,0.39595009999999997,4.0,Online,111.0
U.S.,C+,1035.0,lv,0.00010270000000000002,0.4877142,0.42600770000000004,6.0,Online,85.0
U.S.,C-,32226.0,rv,9.990000000000002e-05,0.43259240000000004,0.4131583,6.0,Online,65.0
U.S.,A+,848.0,rv,9.9e-05,0.42757529999999994,0.3948383,3.0,Phone,233.0
U.S.,B-,2162.0,rv,9.87e-05,0.5042055999999999,0.49020650000000004,1.0,Phone,133.0
U.S.,A-,1217.0,lv,9.85e-05,0.4443482,0.38915849999999996,4.0,Online,112.0
U.S.,C+,975.0,lv,9.09e-05,0.4854725,0.4308885,6.0,Online,86.0
U.S.,B,1011.0,rv,9.08e-05,0.46529829999999994,0.4410936,2.0,Online,141.0
U.S.,A-,1180.0,lv,9e-05,0.4416368,0.37341369999999996,4.0,Online,113.0
U.S.,C+,1045.0,lv,8.6e-05,0.476319,0.43612409999999996,6.0,Online,88.0
U.S.,C+,1107.0,lv,8.56e-05,0.47964529999999994,0.4354779,6.0,Online,89.0
U.S.,C+,1000.0,lv,8.540000000000002e-05,0.431651,0.44557209999999997,1.0,Phone,112.0
U.S.,C+,974.0,lv,8.53e-05,0.4711402,0.43971449999999995,6.0,Online,87.0
U.S.,A-,1183.0,lv,8.499999999999999e-05,0.46167879999999994,0.3667427,4.0,Online,114.0
U.S.,C-,16220.0,rv,8.43e-05,0.4420789,0.43972859999999997,6.0,Online,58.0
U.S.,C+,980.0,rv,8.36e-05,0.45514590000000005,0.47173050000000005,3.0,Phone,172.0
U.S.,A-,1234.0,lv,8.35e-05,0.460663,0.3680198,4.0,Online,115.0
U.S.,A-,1264.0,lv,8.06e-05,0.4645691,0.3533233,4.0,Online,116.0
U.S.,A-,814.0,rv,8.03e-05,0.48586729999999995,0.43125399999999997,6.0,Phone,194.0
U.S.,C+,1077.0,lv,7.809999999999999e-05,0.47571329999999995,0.436326,6.0,Online,90.0
U.S.,A-,1246.0,lv,7.48e-05,0.47257,0.3446787,4.0,Online,117.0
U.S.,C+,1468.0,lv,7.340000000000001e-05,0.4822934,0.42203029999999997,6.0,Online,96.0
U.S.,A-,1233.0,lv,6.97e-05,0.47668059999999995,0.34885420000000006,4.0,Online,118.0
U.S.,C+,1002.0,lv,6.829999999999999e-05,0.46234120000000006,0.44373940000000006,6.0,Online,91.0
U.S.,B,1636.0,rv,6.73e-05,0.452144,0.43737829999999994,3.0,Online,156.0
U.S.,A-,1248.0,lv,6.65e-05,0.4665036,0.3609401,4.0,Online,119.0
U.S.,C+,993.0,lv,6.36e-05,0.4664152,0.43455800000000006,6.0,Online,92.0
U.S.,A-,1226.0,lv,6.159999999999999e-05,0.47916899999999996,0.3649688,4.0,Online,120.0
U.S.,C+,1000.0,lv,6.0299999999999995e-05,0.3826197,0.45715229999999996,1.0,Phone,118.0
U.S.,C+,1036.0,lv,5.88e-05,0.48549690000000006,0.4149857,6.0,Online,94.0
U.S.,A-,1229.0,lv,5.8200000000000005e-05,0.4679898,0.38792050000000006,4.0,Online,121.0
U.S.,C+,960.0,lv,5.79e-05,0.4724763,0.4272674,6.0,Online,93.0
U.S.,A-,1277.0,lv,5.6999999999999996e-05,0.464859,0.38488,4.0,Online,122.0
U.S.,B,914.0,lv,5.6000000000000006e-05,0.3991939,0.4282241,1.0,Online,53.0
U.S.,C+,1038.0,lv,5.539999999999999e-05,0.47975619999999997,0.4205873,6.0,Online,95.0
U.S.,A-,1313.0,lv,5.520000000000001e-05,0.46862929999999997,0.3839849,4.0,Online,123.0
U.S.,A-,1000.0,rv,5.36e-05,0.48800170000000004,0.43267540000000004,4.0,Phone,208.0
U.S.,A-,1317.0,lv,5.21e-05,0.47246990000000005,0.3790567,4.0,Online,124.0
U.S.,A-,1452.0,lv,5.1e-05,0.4671244,0.36815390000000003,4.0,Online,126.0
U.S.,B-,2197.0,rv,5.02e-05,0.5073740999999999,0.4797918,0.0,Phone,145.0
U.S.,A-,1308.0,lv,4.88e-05,0.45727429999999997,0.3841186,4.0,Online,125.0
U.S.,C+,1009.0,lv,4.73e-05,0.47910200000000003,0.42044670000000006,6.0,Online,97.0
U.S.,A-,1407.0,lv,4.6500000000000005e-05,0.46494009999999997,0.38222190000000006,4.0,Online,127.0
U.S.,C-,24104.0,rv,4.39e-05,0.43138909999999997,0.4160929,6.0,Online,72.0
U.S.,A-,1353.0,lv,4.210000000000001e-05,0.4597271,0.38724909999999996,4.0,Online,128.0
U.S.,C+,1006.0,lv,4.18e-05,0.4687318,0.44501290000000004,6.0,Online,99.0
U.S.,C+,934.0,lv,4.1200000000000005e-05,0.4779288,0.4372790999999999,6.0,Online,98.0
U.S.,A-,1098.0,rv,4e-05,0.4935382,0.42934199999999995,4.0,Phone,210.0
U.S.,A-,1350.0,lv,3.96e-05,0.46248940000000005,0.38130650000000005,4.0,Online,129.0
U.S.,C+,1000.0,lv,3.91e-05,0.41285779999999994,0.4392229,0.0,Phone,126.0
U.S.,A,1021.0,rv,3.9e-05,0.48289299999999996,0.442453,2.0,Phone,209.0
U.S.,C+,989.0,lv,3.87e-05,0.4755872,0.44263579999999997,6.0,Online,100.0
U.S.,C+,1048.0,lv,3.86e-05,0.4604245,0.4571568,6.0,Online,101.0
U.S.,A-,1345.0,lv,3.72e-05,0.45721990000000007,0.37936729999999996,4.0,Online,130.0
U.S.,C+,992.0,lv,3.4399999999999996e-05,0.4602151,0.4589156,6.0,Online,102.0
U.S.,C+,1089.0,lv,3.35e-05,0.4466592,0.4699419,6.0,Online,104.0
U.S.,B,1622.0,rv,3.27e-05,0.4293875999999999,0.4351607,3.0,Online,169.0
U.S.,C+,992.0,lv,3.24e-05,0.45090969999999997,0.4659886,6.0,Online,103.0
U.S.,A-,1163.0,lv,3.0299999999999998e-05,0.4689553,0.3674131,4.0,Online,131.0
U.S.,C+,1023.0,lv,2.9600000000000005e-05,0.4392262,0.47103819999999996,6.0,Online,105.0
U.S.,C-,1002.0,lv,2.9100000000000003e-05,0.45215579999999994,0.41142920000000005,6.0,Online,230.0
U.S.,A-,1134.0,lv,2.7899999999999997e-05,0.46778079999999994,0.3674699,4.0,Online,132.0
U.S.,C+,1000.0,lv,2.7699999999999996e-05,0.40038179999999995,0.4483075,1.0,Phone,132.0
U.S.,A-,1150.0,lv,2.68e-05,0.4697015,0.37054580000000004,4.0,Online,133.0
U.S.,C+,932.0,lv,2.54e-05,0.4377667,0.47208350000000004,6.0,Online,106.0
U.S.,A-,1130.0,lv,2.48e-05,0.4676563,0.3655603,4.0,Online,134.0
U.S.,C+,1581.0,lv,2.4100000000000003e-05,0.4348838,0.3804214,6.0,Online,116.0
U.S.,A-,1152.0,lv,2.3899999999999998e-05,0.4654947,0.3715681,4.0,Online,135.0
U.S.,C+,1652.0,lv,2.35e-05,0.42803290000000005,0.40463540000000003,6.0,Online,117.0
U.S.,A-,1186.0,lv,2.33e-05,0.46443999999999996,0.37252359999999995,4.0,Online,136.0
U.S.,A-,1249.0,lv,2.3100000000000002e-05,0.480289,0.36755109999999996,4.0,Online,137.0
U.S.,A-,819.0,rv,2.3100000000000002e-05,0.47734990000000005,0.3806785,5.0,Phone,220.0
U.S.,B-,900.0,lv,2.27e-05,0.4939949,0.4140523,7.0,Phone,229.0
U.S.,A-,1239.0,lv,2.17e-05,0.470137,0.3666144,4.0,Online,138.0
U.S.,A-,1245.0,lv,2.0600000000000003e-05,0.4790123,0.378603,4.0,Online,139.0
U.S.,C+,1264.0,lv,2.05e-05,0.4368609,0.370044,6.0,Online,115.0
U.S.,C+,1188.0,lv,2.05e-05,0.44488880000000003,0.3766745,6.0,Online,114.0
U.S.,C-,17459.0,rv,2.01e-05,0.4499168,0.4292109,6.0,Online,79.0
U.S.,C+,895.0,lv,1.95e-05,0.4323127,0.4527959,6.0,Online,110.0
U.S.,C+,843.0,lv,1.95e-05,0.42989220000000006,0.4634638,6.0,Online,109.0
U.S.,B,926.0,lv,1.92e-05,0.41407109999999997,0.4032696,1.0,Online,67.0
U.S.,A-,1223.0,lv,1.91e-05,0.47386690000000004,0.37650459999999997,4.0,Online,140.0
U.S.,C+,733.0,lv,1.89e-05,0.4346487,0.4729053,6.0,Online,107.0
U.S.,C+,1012.0,lv,1.86e-05,0.4399778,0.39447049999999995,6.0,Online,113.0
U.S.,C+,895.0,lv,1.84e-05,0.43780050000000004,0.43303959999999997,6.0,Online,111.0
U.S.,C+,1000.0,lv,1.8100000000000003e-05,0.44909420000000005,0.40834990000000004,1.0,Phone,140.0
U.S.,C+,905.0,lv,1.76e-05,0.44007490000000005,0.4122807,6.0,Online,112.0
U.S.,A-,1186.0,lv,1.75e-05,0.482734,0.36438190000000004,4.0,Online,141.0
U.S.,A-,1451.0,rv,1.73e-05,0.4520045,0.4191216,5.0,Phone,232.0
U.S.,C+,701.0,lv,1.7100000000000002e-05,0.4323706,0.47011179999999997,6.0,Online,108.0
U.S.,A+,864.0,rv,1.6899999999999997e-05,0.47067929999999997,0.4254564,3.0,Phone,247.0
U.S.,B+,1083.0,v,1.64e-05,0.4561851,0.423896,2.0,Phone,227.0
U.S.,A-,1169.0,lv,1.63e-05,0.46456569999999997,0.36729269999999997,4.0,Online,142.0
U.S.,A-,1206.0,lv,1.59e-05,0.4803982,0.35627270000000005,4.0,Online,143.0
U.S.,B,1612.0,rv,1.5399999999999998e-05,0.4239134,0.4249297,3.0,Online,183.0
U.S.,A-,925.0,rv,1.5399999999999998e-05,0.5081251,0.41580740000000005,3.0,Phone,233.0
U.S.,A-,1228.0,lv,1.53e-05,0.454311,0.353182,4.0,Online,144.0
U.S.,C-,834.0,lv,1.4599999999999999e-05,0.45837720000000004,0.43626950000000003,1.0,Online,202.0
U.S.,A-,1215.0,lv,1.4300000000000002e-05,0.46722840000000004,0.3330484000000001,4.0,Online,145.0
U.S.,A-,1216.0,lv,1.3500000000000001e-05,0.45016220000000007,0.33689149999999995,4.0,Online,146.0
U.S.,A,1016.0,rv,1.3000000000000001e-05,0.4881616,0.40982479999999993,2.0,Phone,231.0
U.S.,A-,1231.0,lv,1.29e-05,0.44907920000000007,0.33879420000000005,4.0,Online,147.0
U.S.,C+,1000.0,lv,1.29e-05,0.44816090000000003,0.40781019999999996,1.0,Phone,146.0
U.S.,A-,1255.0,lv,1.24e-05,0.44502220000000003,0.3257129,4.0,Online,148.0
U.S.,A-,1058.0,rv,1.23e-05,0.4890909,0.42606840000000007,3.0,Phone,233.0
U.S.,A-,1245.0,lv,1.17e-05,0.45095579999999996,0.324615,4.0,Online,149.0
U.S.,C-,15179.0,rv,1.15e-05,0.44818,0.4209487,6.0,Online,86.0
U.S.,A-,1293.0,lv,1.1400000000000001e-05,0.450884,0.3404152,4.0,Online,150.0
U.S.,A-,1200.0,rv,1.0199999999999999e-05,0.4934048,0.4175554,3.0,Phone,247.0
U.S.,A-,1483.0,lv,9.55e-06,0.47357040000000006,0.3505382,4.0,Online,156.0
U.S.,A-,1340.0,lv,9.15e-06,0.4597126,0.3537893,4.0,Online,155.0
U.S.,A-,1502.0,lv,9.13e-06,0.4653772,0.3503334,4.0,Online,157.0
U.S.,A-,1073.0,lv,8.98e-06,0.4607956,0.3352588,4.0,Online,151.0
U.S.,C+,880.0,lv,8.79e-06,0.43755179999999994,0.4203212,4.0,Phone,236.0
U.S.,C+,1000.0,lv,8.47e-06,0.40907519999999997,0.4082229,1.0,Phone,154.0
U.S.,A-,1471.0,lv,8.43e-06,0.4631686,0.36113209999999996,4.0,Online,158.0
U.S.,A-,1457.0,lv,7.88e-06,0.466984,0.3649411,4.0,Online,159.0
U.S.,B,1561.0,rv,7.15e-06,0.4264854,0.4247569,4.0,Online,196.0
U.S.,A-,1389.0,lv,7.09e-06,0.45683250000000003,0.37074599999999996,4.0,Online,160.0
U.S.,B,900.0,lv,6.91e-06,0.4445916,0.39723079999999994,1.0,Online,81.0
U.S.,A-,812.0,lv,6.44e-06,0.4596874,0.32605670000000003,4.0,Online,152.0
U.S.,B-,1574.0,rv,6.18e-06,0.4889512,0.480502,0.0,Phone,182.0
U.S.,C+,1000.0,lv,6.08e-06,0.4084302,0.4071720999999999,1.0,Phone,160.0
U.S.,A-,1219.0,lv,5.88e-06,0.45762349999999996,0.36057209999999995,4.0,Online,161.0
U.S.,C-,11480.0,rv,5.88e-06,0.4579562,0.4301,6.0,Online,93.0
U.S.,A-,1199.0,lv,5.48e-06,0.4584025,0.36642769999999997,4.0,Online,162.0
U.S.,A-,1205.0,lv,5.21e-06,0.4551814,0.36728359999999993,4.0,Online,163.0
U.S.,A-,920.0,rv,4.94e-06,0.49916649999999996,0.44283409999999995,3.0,Phone,255.0
U.S.,A-,1190.0,lv,4.87e-06,0.4409732,0.37111059999999996,4.0,Online,164.0
U.S.,A-,1239.0,lv,4.79e-06,0.42873100000000003,0.3849756,4.0,Online,165.0
U.S.,C-,1335.0,lv,4.71e-06,0.5107253,0.38423619999999997,3.0,Online,229.0
U.S.,A-,1236.0,lv,4.52e-06,0.4174417,0.39693329999999993,4.0,Online,166.0
U.S.,C-,12742.0,rv,4.45e-06,0.4515576,0.42695900000000003,6.0,Online,100.0
U.S.,B+,1000.0,lv,4.38e-06,0.40742759999999995,0.4550737,4.0,Phone,267.0
U.S.,A-,1181.0,lv,4.09e-06,0.4341989,0.38475250000000005,4.0,Online,167.0
U.S.,A-,1232.0,lv,4.04e-06,0.4189562,0.3835716,4.0,Online,168.0
U.S.,C+,1000.0,lv,4e-06,0.4048296,0.4040994,1.0,Phone,168.0
U.S.,A-,526.0,lv,3.97e-06,0.4386167,0.34389309999999995,4.0,Online,153.0
U.S.,A-,1254.0,lv,3.89e-06,0.413709,0.3884703,4.0,Online,169.0
U.S.,A-,1225.0,lv,3.6e-06,0.421498,0.3773316,4.0,Online,170.0
U.S.,C-,1792.0,lv,3.58e-06,0.4504593,0.4331776,3.0,Online,232.0
U.S.,A-,1241.0,lv,3.45e-06,0.42325440000000003,0.37923359999999995,4.0,Online,171.0
U.S.,A-,1299.0,lv,3.42e-06,0.4118577,0.39036679999999996,4.0,Online,172.0
U.S.,B,926.0,lv,3.4e-06,0.43445749999999994,0.3912468,6.0,Online,91.0
U.S.,A-,1259.0,lv,3.13e-06,0.4164825,0.3844903,4.0,Online,173.0
U.S.,C-,12931.0,rv,3.07e-06,0.41611899999999996,0.4557283,6.0,Online,107.0
U.S.,A-,1249.0,lv,2.94e-06,0.4231913,0.3814696,4.0,Online,174.0
U.S.,C+,1000.0,lv,2.88e-06,0.3732455,0.4335329,1.0,Phone,174.0
U.S.,A-,1279.0,lv,2.85e-06,0.4268372,0.39435070000000005,4.0,Online,175.0
U.S.,A-,1342.0,rv,2.81e-06,0.4346255,0.44305120000000003,5.0,Phone,267.0
U.S.,A,1031.0,rv,2.63e-06,0.4701774,0.44369230000000004,2.0,Phone,265.0
U.S.,A-,1221.0,lv,2.58e-06,0.4224529,0.3974142,4.0,Online,176.0
U.S.,A-,800.0,rv,2.55e-06,0.4854074,0.43369810000000003,2.0,Phone,266.0
U.S.,A-,1185.0,lv,2.37e-06,0.43196579999999996,0.38840870000000005,4.0,Online,177.0
U.S.,A-,1240.0,lv,2.35e-06,0.42443000000000003,0.39946909999999997,4.0,Online,178.0
U.S.,A-,1266.0,lv,2.27e-06,0.4179486,0.4104435,4.0,Online,179.0
U.S.,A-,1243.0,lv,2.11e-06,0.39645290000000005,0.4154605,4.0,Online,180.0
U.S.,A-,1286.0,lv,2.06e-06,0.4239539,0.39339079999999993,4.0,Online,181.0
U.S.,A-,1338.0,lv,2.03e-06,0.40248199999999995,0.4123407,4.0,Online,182.0
U.S.,A-,280.0,lv,2.01e-06,0.44054699999999997,0.36572319999999997,4.0,Online,154.0
U.S.,B,1613.0,rv,2.01e-06,0.4378566,0.43374229999999997,3.0,Online,224.0
U.S.,A-,1321.0,lv,1.9e-06,0.38901090000000005,0.41326609999999997,4.0,Online,183.0
U.S.,A-,1325.0,lv,1.8e-06,0.41150359999999997,0.3871618,4.0,Online,184.0
U.S.,A-,1359.0,lv,1.75e-06,0.435001,0.37708210000000003,4.0,Online,185.0
U.S.,A-,1292.0,lv,1.58e-06,0.4384777,0.3780084,4.0,Online,186.0
U.S.,B+,1236.0,v,1.55e-06,0.44872419999999996,0.40394529999999995,1.0,Phone,279.0
U.S.,C-,9436.0,rv,1.55e-06,0.41835570000000005,0.447494,6.0,Online,114.0
U.S.,A-,1189.0,lv,1.37e-06,0.4509298,0.37396419999999997,4.0,Online,187.0
U.S.,A-,1645.0,lv,1.37e-06,0.42941720000000005,0.38906929999999995,4.0,Online,193.0
U.S.,A-,1552.0,lv,1.36e-06,0.43702779999999997,0.39100770000000007,4.0,Online,192.0
U.S.,A-,1311.0,lv,1.36e-06,0.4547497,0.3789225,4.0,Online,189.0
U.S.,A-,1453.0,lv,1.35e-06,0.4345422,0.3890097,4.0,Online,191.0
U.S.,A-,1353.0,lv,1.33e-06,0.4561766,0.3789163,4.0,Online,190.0
U.S.,A-,1125.0,rv,1.29e-06,0.45545070000000004,0.42073320000000003,2.0,Phone,278.0
U.S.,A-,1681.0,lv,1.25e-06,0.4224972,0.37616120000000003,4.0,Online,195.0
U.S.,A-,1575.0,lv,1.24e-06,0.42795859999999997,0.3781379,4.0,Online,194.0
U.S.,A-,1110.0,lv,1.22e-06,0.4683398,0.3649436,4.0,Online,188.0
U.S.,A-,1672.0,lv,1.17e-06,0.427054,0.37416779999999994,4.0,Online,196.0
U.S.,C+,1000.0,lv,1.12e-06,0.3834156,0.42317390000000005,1.0,Phone,194.0
U.S.,A-,1651.0,lv,1.09e-06,0.4305215,0.3642714,4.0,Online,197.0
U.S.,A-,1668.0,lv,1.04e-06,0.44897770000000004,0.3503931,4.0,Online,198.0
U.S.,C+,1000.0,lv,9.7e-07,0.37234639999999997,0.3933041,1.0,Phone,196.0
U.S.,B,754.0,rv,9.66e-07,0.4710816,0.4505755,3.0,Phone,324.0
U.S.,A-,907.0,rv,9.4e-07,0.4623979,0.46475790000000006,3.0,Phone,289.0
U.S.,A,2360.0,rv,9.31e-07,0.49873470000000003,0.4159429,17.0,Phone,342.0
U.S.,C-,7869.0,rv,9.03e-07,0.4275518,0.4283543,6.0,Online,121.0
U.S.,A-,1525.0,lv,9.009999999999999e-07,0.4455164,0.36049909999999996,4.0,Online,199.0
U.S.,B,1647.0,rv,8.7e-07,0.4165195,0.4409252,2.0,Online,241.0
U.S.,C-,10072.0,rv,8.079999999999999e-07,0.4361822,0.42878079999999996,6.0,Online,128.0
U.S.,A-,1443.0,lv,8.06e-07,0.430049,0.36355350000000003,4.0,Online,200.0
U.S.,A-,1446.0,lv,7.65e-07,0.44263129999999995,0.3535929,4.0,Online,201.0
U.S.,A-,1407.0,lv,7.05e-07,0.4461677,0.3426245,4.0,Online,202.0
U.S.,A-,1395.0,lv,6.620000000000001e-07,0.4317419,0.355636,4.0,Online,203.0
U.S.,A-,1424.0,lv,6.389999999999999e-07,0.4363705,0.3516317,4.0,Online,204.0
U.S.,C-,16135.0,rv,6.33e-07,0.444091,0.428747,6.0,Online,142.0
U.S.,A-,1304.0,lv,5.55e-07,0.443026,0.34762229999999994,4.0,Online,205.0
U.S.,A-,1373.0,lv,5.25e-07,0.4322298,0.373635,4.0,Online,207.0
U.S.,A-,1298.0,lv,5.23e-07,0.4336428,0.36862659999999997,4.0,Online,206.0
U.S.,A-,800.0,rv,4.91e-07,0.497984,0.4353086,4.0,Phone,300.0
U.S.,A-,1347.0,lv,4.879999999999999e-07,0.44089,0.36359400000000003,4.0,Online,208.0
U.S.,A-,1353.0,lv,4.6399999999999997e-07,0.4386762,0.3535105,4.0,Online,209.0
U.S.,A-,1382.0,lv,4.49e-07,0.44836909999999996,0.3524888,4.0,Online,210.0
U.S.,A-,1366.0,lv,4.21e-07,0.45906030000000003,0.3304652,4.0,Online,211.0
U.S.,A-,1343.0,lv,3.92e-07,0.452771,0.32342620000000005,4.0,Online,212.0
U.S.,A-,1374.0,lv,3.8e-07,0.4285055,0.34536609999999995,4.0,Online,213.0
U.S.,A,1006.0,rv,3.7799999999999997e-07,0.4430703,0.4839232,3.0,Phone,306.0
U.S.,A+,851.0,rv,3.6799999999999996e-07,0.4765574,0.43557320000000005,3.0,Phone,331.0
U.S.,A-,1368.0,lv,3.5899999999999997e-07,0.42521099999999995,0.3433246,4.0,Online,214.0
U.S.,C-,5818.0,rv,3.29e-07,0.4451328,0.4089978,6.0,Online,135.0
U.S.,A-,1291.0,lv,3.0399999999999997e-07,0.4027268,0.3531304,4.0,Online,216.0
U.S.,A-,1225.0,lv,3.0399999999999997e-07,0.41196020000000005,0.34723390000000004,4.0,Online,215.0
U.S.,A-,1661.0,lv,2.9899999999999996e-07,0.43278890000000003,0.34643619999999997,4.0,Online,221.0
U.S.,A-,1522.0,lv,2.9e-07,0.4159798,0.34658559999999994,4.0,Online,220.0
U.S.,A-,1356.0,lv,2.88e-07,0.41336009999999995,0.34584449999999994,4.0,Online,218.0
U.S.,A-,1667.0,lv,2.84e-07,0.44659709999999997,0.33430659999999995,4.0,Online,222.0
U.S.,A-,1263.0,lv,2.82e-07,0.3994659,0.36705870000000007,4.0,Online,217.0
U.S.,A-,1352.0,lv,2.72e-07,0.4112166,0.3506788,4.0,Online,219.0
U.S.,C-,9355.0,rv,2.53e-07,0.4435767,0.4278895,6.0,Online,149.0
U.S.,A-,1545.0,lv,2.4899999999999997e-07,0.4514252,0.3421533,4.0,Online,223.0
U.S.,A-,1531.0,lv,2.3399999999999998e-07,0.45318490000000006,0.34107149999999997,4.0,Online,224.0
U.S.,A-,1508.0,lv,2.1800000000000002e-07,0.4330016,0.363935,4.0,Online,225.0
U.S.,A-,1342.0,lv,1.8399999999999998e-07,0.4348289000000001,0.36577740000000003,4.0,Online,226.0
U.S.,A-,927.0,rv,1.7899999999999997e-07,0.4740419,0.4559471,4.0,Phone,323.0
U.S.,C-,9240.0,rv,1.74e-07,0.48107,0.4648077,6.0,Online,156.0
U.S.,A-,1311.0,lv,1.71e-07,0.4166083,0.3776614,4.0,Online,227.0
U.S.,C-,12969.0,rv,1.71e-07,0.469666,0.47358490000000003,6.0,Online,163.0
U.S.,A-,1314.0,lv,1.62e-07,0.41739719999999997,0.3765202,4.0,Online,228.0
U.S.,A-,1299.0,lv,1.5199999999999998e-07,0.4162276,0.38732320000000003,4.0,Online,229.0
U.S.,B+,1267.0,v,1.5199999999999998e-07,0.4113,0.40195879999999995,1.0,Phone,327.0
U.S.,A-,1140.0,rv,1.44e-07,0.46797340000000004,0.3990031,4.0,Phone,324.0
U.S.,A-,1281.0,lv,1.42e-07,0.4131586,0.37696579999999996,4.0,Online,230.0
U.S.,A,1013.0,rv,1.42e-07,0.4939468,0.3886992,1.0,Phone,327.0
U.S.,B+,1000.0,lv,1.42e-07,0.45636319999999997,0.4275108,4.0,Phone,338.0
U.S.,A-,1331.0,lv,1.33e-07,0.3849218,0.4092152,4.0,Online,232.0
U.S.,C-,14513.0,rv,1.32e-07,0.4679472,0.4527078,6.0,Online,170.0
U.S.,A-,1316.0,lv,1.25e-07,0.3629177,0.41311709999999996,4.0,Online,233.0
U.S.,A-,1533.0,lv,1.24e-07,0.3980015,0.403797,4.0,Online,236.0
U.S.,A-,1369.0,lv,1.24e-07,0.3799498,0.411974,4.0,Online,234.0
U.S.,A-,1122.0,lv,1.1900000000000001e-07,0.3911311,0.38646159999999996,4.0,Online,231.0
U.S.,A-,1382.0,lv,1.1800000000000001e-07,0.4009691,0.4098762,4.0,Online,235.0
U.S.,A-,1375.0,lv,1.06e-07,0.40402190000000004,0.3846695,4.0,Online,237.0
U.S.,A-,849.0,rv,1.05e-07,0.4894616,0.41665659999999993,3.0,Phone,335.0
U.S.,A-,1435.0,lv,1.05e-07,0.4140388,0.3955706,4.0,Online,238.0
U.S.,A-,1432.0,lv,9.910000000000001e-08,0.391061,0.4014587,4.0,Online,239.0
U.S.,A-,1437.0,lv,9.429999999999999e-08,0.3920881,0.3883361,4.0,Online,240.0
U.S.,A-,1510.0,lv,9.39e-08,0.40413059999999995,0.38921459999999997,4.0,Online,241.0
U.S.,A-,1500.0,lv,8.849999999999999e-08,0.40918409999999994,0.37608199999999997,4.0,Online,242.0
U.S.,A-,1577.0,lv,8.820000000000001e-08,0.4252615,0.35092940000000006,4.0,Online,243.0
U.S.,C-,843.0,lv,8.730000000000001e-08,0.4347721,0.4711193,1.0,Online,293.0
U.S.,A-,1561.0,lv,8.269999999999999e-08,0.4433168,0.3277661,4.0,Online,244.0
U.S.,A-,1578.0,lv,7.93e-08,0.43233740000000004,0.3276168,4.0,Online,245.0
U.S.,C-,12507.0,rv,7.83e-08,0.47512279999999996,0.47294340000000007,6.0,Online,177.0
U.S.,C+,1000.0,lv,7.77e-08,0.3919551,0.36820040000000004,1.0,Phone,252.0
U.S.,A-,1512.0,lv,7.2e-08,0.4222931,0.326474,4.0,Online,246.0
U.S.,A-,1517.0,lv,6.85e-08,0.435313,0.32839019999999997,4.0,Online,247.0
U.S.,A-,930.0,rv,6.54e-08,0.47483040000000004,0.4408582,4.0,Phone,343.0
U.S.,A-,1473.0,rv,6.4e-08,0.46878329999999996,0.4036045,7.0,Phone,344.0
U.S.,A-,1428.0,lv,6.11e-08,0.4254457,0.34426120000000004,4.0,Online,248.0
U.S.,A-,1442.0,lv,5.8499999999999994e-08,0.428553,0.35113859999999997,4.0,Online,249.0
U.S.,A-,1555.0,lv,5.4e-08,0.4217491,0.37965449999999995,4.0,Online,252.0
U.S.,A-,1386.0,lv,5.34e-08,0.43356720000000004,0.36903420000000003,4.0,Online,250.0
U.S.,A-,1561.0,lv,5.14e-08,0.421856,0.3814436,4.0,Online,253.0
U.S.,C+,746.0,lv,5.1299999999999996e-08,0.4771266,0.3823227,4.0,Phone,341.0
U.S.,A-,1346.0,lv,4.92e-08,0.43263690000000005,0.3658715,4.0,Online,251.0
U.S.,A-,1573.0,lv,4.91e-08,0.4099632,0.3962418,4.0,Online,254.0
U.S.,C-,11089.0,rv,4.8600000000000005e-08,0.48169379999999995,0.4625564,6.0,Online,184.0
U.S.,A-,1625.0,lv,4.8e-08,0.4121358,0.3900327,4.0,Online,255.0
U.S.,A-,1659.0,lv,4.6500000000000006e-08,0.42028190000000004,0.3858035,4.0,Online,256.0
U.S.,B-,2416.0,rv,4.04e-08,0.4704126,0.49803820000000004,0.0,Phone,303.0
U.S.,C-,12462.0,rv,3.7999999999999996e-08,0.41772059999999994,0.392482,6.0,Online,191.0
U.S.,A-,1416.0,lv,3.76e-08,0.4174176,0.38257090000000005,4.0,Online,257.0
U.S.,A,1016.0,rv,3.61e-08,0.4149609,0.4608750999999999,3.0,Phone,355.0
U.S.,B+,1360.0,v,3.49e-08,0.4323576,0.42377109999999996,1.0,Phone,357.0
U.S.,A-,1606.0,lv,3.46e-08,0.39186709999999997,0.3765486,4.0,Online,261.0
U.S.,A-,1366.0,lv,3.4500000000000005e-08,0.41751930000000004,0.37831309999999996,4.0,Online,258.0
U.S.,A-,1515.0,lv,3.44e-08,0.392746,0.3788035,4.0,Online,260.0
U.S.,A-,1297.0,lv,3.11e-08,0.41063000000000005,0.3590549,4.0,Online,259.0
U.S.,A-,1490.0,lv,3.0499999999999995e-08,0.3939747,0.37329450000000003,4.0,Online,262.0
U.S.,C-,1417.0,rv,2.97e-08,0.4131697,0.4470279,3.0,Online,156.0
U.S.,A-,1503.0,lv,2.92e-08,0.3980724,0.3820538,4.0,Online,263.0
U.S.,A-,1530.0,lv,2.8199999999999998e-08,0.4211744,0.3778333,4.0,Online,264.0
U.S.,A-,1269.0,lv,2.2200000000000004e-08,0.4342958,0.3726167,4.0,Online,265.0
U.S.,A-,1280.0,lv,2.02e-08,0.4235429,0.3811448,4.0,Online,267.0
U.S.,C-,9405.0,rv,2.02e-08,0.4242092,0.3829734000000001,6.0,Online,198.0
U.S.,A-,1152.0,lv,1.91e-08,0.4314193,0.3833807,4.0,Online,266.0
U.S.,A-,1272.0,lv,1.91e-08,0.41067820000000005,0.379908,4.0,Online,268.0
U.S.,A-,1269.0,lv,1.81e-08,0.40178870000000005,0.3866414,4.0,Online,269.0
U.S.,A-,1288.0,lv,1.75e-08,0.40785699999999997,0.3774013,4.0,Online,270.0
U.S.,C-,11498.0,rv,1.74e-08,0.46133559999999996,0.41310090000000005,6.0,Online,205.0
U.S.,A-,1284.0,lv,1.65e-08,0.4129294,0.3691881,4.0,Online,271.0
U.S.,A-,1304.0,lv,1.6e-08,0.4280184000000001,0.3629193,4.0,Online,272.0
U.S.,A-,1322.0,lv,1.54e-08,0.4540981,0.3376567,4.0,Online,273.0
U.S.,A-,1311.0,lv,1.4499999999999999e-08,0.4331573,0.35740840000000007,4.0,Online,274.0
U.S.,A-,1310.0,lv,1.38e-08,0.4312116,0.3602202,4.0,Online,275.0
U.S.,A-,1332.0,lv,1.33e-08,0.4202708,0.3700205,4.0,Online,276.0
U.S.,A-,1573.0,lv,1.28e-08,0.44554340000000003,0.3521778,4.0,Online,280.0
U.S.,A-,1318.0,lv,1.25e-08,0.41936799999999996,0.3668267,4.0,Online,277.0
U.S.,A-,1426.0,lv,1.22e-08,0.4234401,0.37042590000000003,4.0,Online,279.0
U.S.,A-,1345.0,lv,1.2099999999999999e-08,0.40237850000000003,0.38966770000000006,4.0,Online,278.0
U.S.,A-,1557.0,lv,1.2e-08,0.4386443,0.3539277,4.0,Online,281.0
U.S.,A-,1584.0,lv,1.16e-08,0.4437368,0.3546869,4.0,Online,282.0
U.S.,A-,1578.0,lv,1.09e-08,0.44183750000000005,0.3554355,4.0,Online,283.0
U.S.,A-,1522.0,lv,1e-08,0.4349166,0.36219640000000003,4.0,Online,284.0
U.S.,C-,12116.0,rv,9.44e-09,0.42767249999999996,0.3520599,6.0,Online,219.0
U.S.,A-,1387.0,lv,8.67e-09,0.4280046,0.3599467,4.0,Online,285.0
U.S.,A-,1371.0,lv,8.15e-09,0.4390753,0.3506906,4.0,Online,286.0
U.S.,A-,1330.0,lv,7.509999999999999e-09,0.4301292,0.3574262,4.0,Online,287.0
U.S.,A-,1311.0,lv,7.03e-09,0.4421946,0.3441657,4.0,Online,288.0
U.S.,B-,1995.0,rv,6.8099999999999994e-09,0.49184829999999996,0.46961659999999994,1.0,Phone,336.0
U.S.,A-,1296.0,lv,6.609999999999999e-09,0.4302975,0.3628975,4.0,Online,289.0
U.S.,A-,1275.0,lv,6.18e-09,0.40336979999999995,0.394649,4.0,Online,290.0
U.S.,A-,1295.0,lv,5.97e-09,0.390444,0.40640329999999997,4.0,Online,291.0
U.S.,A-,1288.0,lv,5.649999999999999e-09,0.3945245,0.3961414,4.0,Online,292.0
U.S.,A-,1250.0,lv,5.21e-09,0.39457050000000005,0.38689419999999997,4.0,Online,293.0
U.S.,A-,1296.0,lv,5.13e-09,0.39761650000000004,0.37164700000000006,4.0,Online,294.0
U.S.,A-,1301.0,lv,4.9e-09,0.41365609999999997,0.3513848,4.0,Online,295.0
U.S.,A-,1303.0,lv,4.66e-09,0.42169309999999993,0.34314190000000006,4.0,Online,296.0
U.S.,A-,1357.0,lv,4.62e-09,0.42472740000000003,0.35191829999999996,4.0,Online,297.0
U.S.,A-,1373.0,lv,4.44e-09,0.4147639,0.365692,4.0,Online,298.0
U.S.,A-,1339.0,lv,4.120000000000001e-09,0.4128195,0.358457,4.0,Online,299.0
U.S.,A-,1324.0,lv,3.87e-09,0.41687240000000003,0.35022709999999996,4.0,Online,300.0
U.S.,C+,1000.0,lv,3.5200000000000003e-09,0.35702399999999995,0.35155250000000005,1.0,Phone,321.0
U.S.,A-,1260.0,lv,3.5e-09,0.42691429999999997,0.3429967,4.0,Online,301.0
U.S.,A-,1274.0,lv,3.37e-09,0.4089653,0.3427684,4.0,Online,302.0
U.S.,A-,1531.0,lv,3.3e-09,0.3791021,0.3738108,4.0,Online,306.0
U.S.,A-,1293.0,lv,3.25e-09,0.404005,0.34953520000000005,4.0,Online,303.0
U.S.,A-,1411.0,lv,3.21e-09,0.39006729999999995,0.37406420000000007,4.0,Online,305.0
U.S.,A-,1282.0,lv,3.0599999999999998e-09,0.3940348,0.3623021,4.0,Online,304.0
U.S.,A-,1477.0,lv,3.03e-09,0.3971352,0.3585555,4.0,Online,307.0
U.S.,A-,1465.0,lv,2.85e-09,0.3961638,0.35630959999999995,4.0,Online,308.0
U.S.,A-,1708.0,lv,2.48e-09,0.4043817,0.3397352,4.0,Online,314.0
U.S.,A-,1586.0,lv,2.43e-09,0.41033679999999995,0.3400135,4.0,Online,313.0
U.S.,A-,1692.0,lv,2.33e-09,0.4064324000000001,0.33845309999999995,4.0,Online,315.0
U.S.,A-,1203.0,lv,2.23e-09,0.4061984,0.34805030000000003,4.0,Online,309.0
U.S.,A-,1603.0,lv,2.0999999999999998e-09,0.41047709999999993,0.3301928,4.0,Online,316.0
U.S.,A-,1413.0,lv,1.7600000000000001e-09,0.40252099999999996,0.345935,4.0,Online,317.0
U.S.,A-,1367.0,lv,1.62e-09,0.3995816,0.3516547,4.0,Online,318.0
U.S.,A-,1334.0,lv,1.5e-09,0.39963609999999994,0.34838630000000004,4.0,Online,319.0
U.S.,A-,831.0,lv,1.46e-09,0.40423299999999995,0.3437912,4.0,Online,310.0
U.S.,A-,1330.0,lv,1.4199999999999999e-09,0.4036902,0.3311165,4.0,Online,320.0
U.S.,A-,1358.0,lv,1.3800000000000002e-09,0.3957443,0.32685400000000003,4.0,Online,321.0
U.S.,A-,1423.0,lv,1.3800000000000002e-09,0.4107922,0.30860499999999996,4.0,Online,322.0
U.S.,A-,1425.0,lv,1.31e-09,0.41583859999999995,0.30235490000000004,4.0,Online,323.0
U.S.,A-,1130.0,lv,9.88e-10,0.4138908,0.2950966,4.0,Online,324.0
U.S.,A-,514.0,lv,8.649999999999999e-10,0.4132676,0.348532,4.0,Online,311.0
U.S.,A-,876.0,lv,7.31e-10,0.4049438,0.3088402,4.0,Online,325.0
U.S.,A-,620.0,lv,4.92e-10,0.41399299999999994,0.2935864,4.0,Online,326.0
U.S.,A-,250.0,lv,4e-10,0.3583022,0.4012728,4.0,Online,312.0
U.S.,A-,289.0,lv,2.2e-10,0.40904209999999996,0.3173325,4.0,Online,327.0
